date published,article authors,article title,article summary,article keywords
2020-10-11T09:30:00.000Z,Karen Langley,Investors Are Betting Corporate Earnings Have Turned a Corner,"Investors are entering third-quarter earnings season with brighter expectations for corporate profits, a bet they hope will propel the next leg of the stock market’s rally.","c&e exclusion filter, c&e industry news filter, commodity/financial market news, content types, corporate/industrial news, earnings, equity markets, factiva filters, financial performance, synd"
date published,article authors,article title,article summary,article keywords
2020-10-11T09:30:00.000Z,Karen Langley,Investors Are Betting Corporate Earnings Have Turned a Corner,"Investors are entering third-quarter earnings season with brighter expectations for corporate profits, a bet they hope will propel the next leg of the stock market’s rally.","c&e exclusion filter, c&e industry news filter, commodity/financial market news, content types, corporate/industrial news, earnings, equity markets, factiva filters, financial performance, synd"
date published,article authors,article title,article summary,article keywords
2020-10-11T09:30:00.000Z,Karen Langley,Investors Are Betting Corporate Earnings Have Turned a Corner,"Investors are entering third-quarter earnings season with brighter expectations for corporate profits, a bet they hope will propel the next leg of the stock market’s rally.","c&e exclusion filter, c&e industry news filter, commodity/financial market news, content types, corporate/industrial news, earnings, equity markets, factiva filters, financial performance, synd"
date published,article authors,article title,article summary,article keywords
2020-10-11T09:30:00.000Z,Karen Langley,Investors Are Betting Corporate Earnings Have Turned a Corner,"Investors are entering third-quarter earnings season with brighter expectations for corporate profits, a bet they hope will propel the next leg of the stock market’s rally.","c&e exclusion filter, c&e industry news filter, commodity/financial market news, content types, corporate/industrial news, earnings, equity markets, factiva filters, financial performance, synd"
date published,article authors,article title,article summary,article keywords
2020-10-11T09:30:00.000Z,Karen Langley,Investors Are Betting Corporate Earnings Have Turned a Corner,"Investors are entering third-quarter earnings season with brighter expectations for corporate profits, a bet they hope will propel the next leg of the stock market’s rally.","c&e exclusion filter, c&e industry news filter, commodity/financial market news, content types, corporate/industrial news, earnings, equity markets, factiva filters, financial performance, synd"
date published,article authors,article title,article summary,article keywords
2020-10-11T09:30:00.000Z,Karen Langley,Investors Are Betting Corporate Earnings Have Turned a Corner,"Investors are entering third-quarter earnings season with brighter expectations for corporate profits, a bet they hope will propel the next leg of the stock market’s rally.","c&e exclusion filter, c&e industry news filter, commodity/financial market news, content types, corporate/industrial news, earnings, equity markets, factiva filters, financial performance, synd"
date published,article authors,article title,article summary,article keywords
2020-10-11T09:30:00.000Z,Karen Langley,Investors Are Betting Corporate Earnings Have Turned a Corner,"Investors are entering third-quarter earnings season with brighter expectations for corporate profits, a bet they hope will propel the next leg of the stock market’s rally.","c&e exclusion filter, c&e industry news filter, commodity/financial market news, content types, corporate/industrial news, earnings, equity markets, factiva filters, financial performance, synd"
date published,article authors,article title,article summary,article keywords
,,,,
date published,article authors,article title,article summary,article keywords
,,,,
date published,article authors,article title,article summary,article keywords
,,,," google news,  india breaking news,  india news,  live news india,  news,  top news in indiaunga, covid, india, modi, narendra modi, terror"
